Workbook

Sheet Inicio
A1: SISTEMA DE ALIMENTACIÓN AUTOMATIZADO — POLLOS DE ENGORDE
A2: Control de consumo de concentrado por lote, por semana y por etapa — basado en tabla técnica editable
A4: 1. DATOS DE ENTRADA (edite Únicamente las celdas amarillas)
B5: Cantidad de pollos del lote (aves): | D5: 100 | F5: Ingrese cualquier cantidad: 50, 100, 200, 500, 800...
B6: Peso del bulto de concentrado (kg): | D6: 40 | F6: Es el peso en KG de 1 bulto (no la cantidad de bultos). La lista sugiere 40 o 50; puede escribir otro peso
B7: Fecha de inicio del lote (día 1): | D7: 46285 | F7: Fecha de llegada de los pollitos de un día
B8: Semana a consultar (1 a 7): | D8: 1 | F8: Elija la semana que quiere ver en el resumen de abajo
A10: 2. CUÁNTO ALIMENTO DAR POR ETAPA (Inicio, Crecimiento, Engorde)
B11: Etapa | C11: Días | D11: Alimento/ave etapa (kg) | E11: Alimento total lote/etapa (kg) | F11: Bultos a comprar
B12: Inicio | C12: Días 1-21 | D12: ='Compra de Concentrado'!D4 -> 0.882 | E12: ='Compra de Concentrado'!E4 -> 88.2 | F12: ='Compra de Concentrado'!G4 -> 3
B13: Crecimiento | C13: Días 22-35 | D13: ='Compra de Concentrado'!D5 -> 1.47 | E13: ='Compra de Concentrado'!E5 -> 147 | F13: ='Compra de Concentrado'!G5 -> 4
B14: Engorde | C14: Días 36-49 | D14: ='Compra de Concentrado'!D6 -> 2.114 | E14: ='Compra de Concentrado'!E6 -> 211.4 | F14: ='Compra de Concentrado'!G6 -> 6
B15: TOTAL CICLO | D15: =SUM(D12:D14) -> 4.466 | E15: =SUM(E12:E14) -> 446.6 | F15: =SUM(F12:F14) -> 13
A17: 3. RESULTADOS DE LA SEMANA SELECCIONADA
B18: Etapa: | D18: =INDEX('Tabla Semanal'!$B$4:$B$10,MATCH(SemanaConsulta,'Tabla Semanal'!$A$4:$A$10,0)) -> Inicio
B19: Rango de edad (días): | D19: =INDEX('Tabla Semanal'!$C$4:$C$10,MATCH(SemanaConsulta,'Tabla Semanal'!$A$4:$A$10,0))&" a "&INDEX('Tabla Semanal'!$D$4:$D$10,MATCH(SemanaConsulta,'Tabla Semanal'!$A$4:$A$10,0))&" días" -> 1 a 7 días
B20: Consumo por ave / día (g): | D20: =INDEX('Tabla Semanal'!$E$4:$E$10,MATCH(SemanaConsulta,'Tabla Semanal'!$A$4:$A$10,0)) -> 18
B21: Consumo por ave / día (kg): | D21: =INDEX('Tabla Semanal'!$F$4:$F$10,MATCH(SemanaConsulta,'Tabla Semanal'!$A$4:$A$10,0)) -> 0.018
B22: Alimento total del lote / día (kg): | D22: =INDEX('Tabla Semanal'!$G$4:$G$10,MATCH(SemanaConsulta,'Tabla Semanal'!$A$4:$A$10,0)) -> 1.8
B23: Alimento total del lote / semana (kg): | D23: =INDEX('Tabla Semanal'!$H$4:$H$10,MATCH(SemanaConsulta,'Tabla Semanal'!$A$4:$A$10,0)) -> 12.6
B24: Bultos necesarios esa semana (exacto): | D24: =INDEX('Tabla Semanal'!$I$4:$I$10,MATCH(SemanaConsulta,'Tabla Semanal'!$A$4:$A$10,0)) -> 0.315
B25: Bultos a comprar esa semana (redondeado): | D25: =INDEX('Tabla Semanal'!$J$4:$J$10,MATCH(SemanaConsulta,'Tabla Semanal'!$A$4:$A$10,0)) -> 1
B26: Consumo acumulado del lote hasta esa semana (kg): | D26: =INDEX('Tabla Semanal'!$K$4:$K$10,MATCH(SemanaConsulta,'Tabla Semanal'!$A$4:$A$10,0)) -> 12.6
B27: Bultos acumulados hasta esa semana (redondeado): | D27: =INDEX('Tabla Semanal'!$M$4:$M$10,MATCH(SemanaConsulta,'Tabla Semanal'!$A$4:$A$10,0)) -> 1
A29: 4. RESUMEN DEL CICLO COMPLETO (SEMANA 1 A 7)
B30: Consumo total por ave en todo el ciclo (kg): | D30: =D31/CantidadPollos -> 4.466
B31: Consumo total del lote en todo el ciclo (kg): | D31: ='Tabla Semanal'!$K$10 -> 446.6
B32: Total de bultos del ciclo — comprando todo al inicio: | D32: ='Tabla Semanal'!$M$10 -> 12
B33: Total de bultos del ciclo — comprando semana a semana: | D33: ='Tabla Semanal'!$J$11 -> 15
A35: Consulte la hoja "Tabla Semanal" para ver el detalle de las 7 semanas y "Compra de Concentrado" para planificar la compra por etapa (incluye costos).

Sheet Tabla Semanal
A1: TABLA SEMANAL DE CONSUMO — SEMANA 1 A 7
A2: Se recalcula automáticamente al cambiar la cantidad de pollos o el peso del bulto en la hoja Inicio
A3: Semana | B3: Etapa | C3: Día inicio | D3: Día fin | E3: Consumo (g/ave/día) | F3: Consumo (kg/ave/día) | G3: Alimento lote/día (kg) | H3: Alimento lote/semana (kg) | I3: Bultos/semana (exacto) | J3: Bultos a comprar/semana | K3: Consumo acumulado lote (kg) | L3: Bultos acumulados (exacto) | M3: Bultos acum. (redondeado)
A4: 1 | B4: =INDEX('Tabla Tecnica Base'!$B$4:$B$10,MATCH(A4,'Tabla Tecnica Base'!$A$4:$A$10,0)) -> Inicio | C4: =INDEX('Tabla Tecnica Base'!$C$4:$C$10,MATCH(A4,'Tabla Tecnica Base'!$A$4:$A$10,0)) -> 1 | D4: =INDEX('Tabla Tecnica Base'!$D$4:$D$10,MATCH(A4,'Tabla Tecnica Base'!$A$4:$A$10,0)) -> 7 | E4: =INDEX('Tabla Tecnica Base'!$E$4:$E$10,MATCH(A4,'Tabla Tecnica Base'!$A$4:$A$10,0)) -> 18 | F4: =E4/1000 -> 0.018 | G4: =F4*CantidadPollos -> 1.8 | H4: =G4*7 -> 12.6 | I4: =H4/PesoBulto -> 0.315 | J4: =ROUNDUP(I4,0) -> 1 | K4: =H4 -> 12.6 | L4: =K4/PesoBulto -> 0.315 | M4: =ROUNDUP(L4,0) -> 1
A5: 2 | B5: =INDEX('Tabla Tecnica Base'!$B$4:$B$10,MATCH(A5,'Tabla Tecnica Base'!$A$4:$A$10,0)) -> Inicio | C5: =INDEX('Tabla Tecnica Base'!$C$4:$C$10,MATCH(A5,'Tabla Tecnica Base'!$A$4:$A$10,0)) -> 8 | D5: =INDEX('Tabla Tecnica Base'!$D$4:$D$10,MATCH(A5,'Tabla Tecnica Base'!$A$4:$A$10,0)) -> 14 | E5: =INDEX('Tabla Tecnica Base'!$E$4:$E$10,MATCH(A5,'Tabla Tecnica Base'!$A$4:$A$10,0)) -> 42 | F5: =E5/1000 -> 0.042 | G5: =F5*CantidadPollos -> 4.2 | H5: =G5*7 -> 29.4 | I5: =H5/PesoBulto -> 0.735 | J5: =ROUNDUP(I5,0) -> 1 | K5: =K4+H5 -> 42 | L5: =K5/PesoBulto -> 1.05 | M5: =ROUNDUP(L5,0) -> 2
A6: 3 | B6: =INDEX('Tabla Tecnica Base'!$B$4:$B$10,MATCH(A6,'Tabla Tecnica Base'!$A$4:$A$10,0)) -> Inicio | C6: =INDEX('Tabla Tecnica Base'!$C$4:$C$10,MATCH(A6,'Tabla Tecnica Base'!$A$4:$A$10,0)) -> 15 | D6: =INDEX('Tabla Tecnica Base'!$D$4:$D$10,MATCH(A6,'Tabla Tecnica Base'!$A$4:$A$10,0)) -> 21 | E6: =INDEX('Tabla Tecnica Base'!$E$4:$E$10,MATCH(A6,'Tabla Tecnica Base'!$A$4:$A$10,0)) -> 66 | F6: =E6/1000 -> 0.066 | G6: =F6*CantidadPollos -> 6.6 | H6: =G6*7 -> 46.2 | I6: =H6/PesoBulto -> 1.155 | J6: =ROUNDUP(I6,0) -> 2 | K6: =K5+H6 -> 88.2 | L6: =K6/PesoBulto -> 2.205 | M6: =ROUNDUP(L6,0) -> 3
A7: 4 | B7: =INDEX('Tabla Tecnica Base'!$B$4:$B$10,MATCH(A7,'Tabla Tecnica Base'!$A$4:$A$10,0)) -> Crecimiento | C7: =INDEX('Tabla Tecnica Base'!$C$4:$C$10,MATCH(A7,'Tabla Tecnica Base'!$A$4:$A$10,0)) -> 22 | D7: =INDEX('Tabla Tecnica Base'!$D$4:$D$10,MATCH(A7,'Tabla Tecnica Base'!$A$4:$A$10,0)) -> 28 | E7: =INDEX('Tabla Tecnica Base'!$E$4:$E$10,MATCH(A7,'Tabla Tecnica Base'!$A$4:$A$10,0)) -> 92 | F7: =E7/1000 -> 0.092 | G7: =F7*CantidadPollos -> 9.2 | H7: =G7*7 -> 64.4 | I7: =H7/PesoBulto -> 1.61 | J7: =ROUNDUP(I7,0) -> 2 | K7: =K6+H7 -> 152.6 | L7: =K7/PesoBulto -> 3.815 | M7: =ROUNDUP(L7,0) -> 4
A8: 5 | B8: =INDEX('Tabla Tecnica Base'!$B$4:$B$10,MATCH(A8,'Tabla Tecnica Base'!$A$4:$A$10,0)) -> Crecimiento | C8: =INDEX('Tabla Tecnica Base'!$C$4:$C$10,MATCH(A8,'Tabla Tecnica Base'!$A$4:$A$10,0)) -> 29 | D8: =INDEX('Tabla Tecnica Base'!$D$4:$D$10,MATCH(A8,'Tabla Tecnica Base'!$A$4:$A$10,0)) -> 35 | E8: =INDEX('Tabla Tecnica Base'!$E$4:$E$10,MATCH(A8,'Tabla Tecnica Base'!$A$4:$A$10,0)) -> 118 | F8: =E8/1000 -> 0.118 | G8: =F8*CantidadPollos -> 11.8 | H8: =G8*7 -> 82.6 | I8: =H8/PesoBulto -> 2.065 | J8: =ROUNDUP(I8,0) -> 3 | K8: =K7+H8 -> 235.2 | L8: =K8/PesoBulto -> 5.88 | M8: =ROUNDUP(L8,0) -> 6
A9: 6 | B9: =INDEX('Tabla Tecnica Base'!$B$4:$B$10,MATCH(A9,'Tabla Tecnica Base'!$A$4:$A$10,0)) -> Engorde | C9: =INDEX('Tabla Tecnica Base'!$C$4:$C$10,MATCH(A9,'Tabla Tecnica Base'!$A$4:$A$10,0)) -> 36 | D9: =INDEX('Tabla Tecnica Base'!$D$4:$D$10,MATCH(A9,'Tabla Tecnica Base'!$A$4:$A$10,0)) -> 42 | E9: =INDEX('Tabla Tecnica Base'!$E$4:$E$10,MATCH(A9,'Tabla Tecnica Base'!$A$4:$A$10,0)) -> 142 | F9: =E9/1000 -> 0.142 | G9: =F9*CantidadPollos -> 14.2 | H9: =G9*7 -> 99.4 | I9: =H9/PesoBulto -> 2.485 | J9: =ROUNDUP(I9,0) -> 3 | K9: =K8+H9 -> 334.6 | L9: =K9/PesoBulto -> 8.365 | M9: =ROUNDUP(L9,0) -> 9
A10: 7 | B10: =INDEX('Tabla Tecnica Base'!$B$4:$B$10,MATCH(A10,'Tabla Tecnica Base'!$A$4:$A$10,0)) -> Engorde | C10: =INDEX('Tabla Tecnica Base'!$C$4:$C$10,MATCH(A10,'Tabla Tecnica Base'!$A$4:$A$10,0)) -> 43 | D10: =INDEX('Tabla Tecnica Base'!$D$4:$D$10,MATCH(A10,'Tabla Tecnica Base'!$A$4:$A$10,0)) -> 49 | E10: =INDEX('Tabla Tecnica Base'!$E$4:$E$10,MATCH(A10,'Tabla Tecnica Base'!$A$4:$A$10,0)) -> 160 | F10: =E10/1000 -> 0.16 | G10: =F10*CantidadPollos -> 16 | H10: =G10*7 -> 112 | I10: =H10/PesoBulto -> 2.8 | J10: =ROUNDUP(I10,0) -> 3 | K10: =K9+H10 -> 446.6 | L10: =K10/PesoBulto -> 11.165 | M10: =ROUNDUP(L10,0) -> 12
A11: TOTAL | H11: =SUM(H4:H10) -> 446.6 | J11: =SUM(J4:J10) -> 15 | K11: =K10 -> 446.6 | M11: =M10 -> 12

Sheet Tabla Tecnica Base
A1: TABLA TÉCNICA BASE DE CONSUMO
A2: Fuente de los datos de consumo — EDITE la columna E si su proveedor le entrega otra tabla; todo el archivo se recalcula solo
A3: Semana | B3: Etapa | C3: Día inicio | D3: Día fin | E3: Consumo (g/ave/día) | F3: Fuente / Notas
A4: 1 | B4: Inicio | C4: 1 | D4: 7 | E4: 18 | F4: Objetivos de desempeño típicos de líneas comerciales de engorde de alto rendimiento (Ross 308 / Cobb 500 — Aviagen / Cobb-Vantress), promediados a condiciones de campo.
A5: 2 | B5: Inicio | C5: 8 | D5: 14 | E5: 42 | F5: Objetivos de desempeño típicos de líneas comerciales de engorde de alto rendimiento (Ross 308 / Cobb 500 — Aviagen / Cobb-Vantress), promediados a condiciones de campo.
A6: 3 | B6: Inicio | C6: 15 | D6: 21 | E6: 66 | F6: Objetivos de desempeño típicos de líneas comerciales de engorde de alto rendimiento (Ross 308 / Cobb 500 — Aviagen / Cobb-Vantress), promediados a condiciones de campo.
A7: 4 | B7: Crecimiento | C7: 22 | D7: 28 | E7: 92 | F7: Objetivos de desempeño típicos de líneas comerciales de engorde de alto rendimiento (Ross 308 / Cobb 500 — Aviagen / Cobb-Vantress), promediados a condiciones de campo.
A8: 5 | B8: Crecimiento | C8: 29 | D8: 35 | E8: 118 | F8: Objetivos de desempeño típicos de líneas comerciales de engorde de alto rendimiento (Ross 308 / Cobb 500 — Aviagen / Cobb-Vantress), promediados a condiciones de campo.
A9: 6 | B9: Engorde | C9: 36 | D9: 42 | E9: 142 | F9: Objetivos de desempeño típicos de líneas comerciales de engorde de alto rendimiento (Ross 308 / Cobb 500 — Aviagen / Cobb-Vantress), promediados a condiciones de campo.
A10: 7 | B10: Engorde | C10: 43 | D10: 49 | E10: 160 | F10: Objetivos de desempeño típicos de líneas comerciales de engorde de alto rendimiento (Ross 308 / Cobb 500 — Aviagen / Cobb-Vantress), promediados a condiciones de campo.
A12: IMPORTANTE: la columna "Consumo (g/ave/día)" es la única base numérica de todo el archivo. Todas las demás hojas (Tabla Semanal, Inicio, Registro Diario, Compra de Concentrado) calculan a partir de estos valores mediante fórmulas. Si su proveedor de concentrado (por ejemplo Italcol) le entrega una ficha técnica propia de consumo semanal para la línea genética que está manejando, reemplace aquí los valores de gramos/ave/día y el archivo se actualizará automáticamente.

Sheet Registro Diario
A1: REGISTRO DIARIO DE ALIMENTACIÓN — REAL VS. CALCULADO
A2: Registre cada día cuánto alimento suministró y cuánto sobró; el consumo teórico y la diferencia se calculan solos
A4: Fecha | B4: Edad (días) | C4: Semana | D4: Etapa | E4: Alimento suministrado (kg) | F4: Alimento sobrante / rechazado (kg) | G4: Consumo real (kg) | H4: Consumo teórico esperado (kg) | I4: Diferencia (kg) | J4: Diferencia (%)
A5: 46285 | B5: =IF(A5="","",A5-FechaInicioLote+1) -> 1 | C5: =IF(A5="","",MIN(7,MAX(1,ROUNDUP(B5/7,0)))) -> 1 | D5: =IF(A5="","",INDEX('Tabla Tecnica Base'!$B$4:$B$10,MATCH(C5,'Tabla Tecnica Base'!$A$4:$A$10,0))) -> Inicio | E5: 2.5 | F5: 0.2 | G5: =IF(E5="","",E5-IF(F5="",0,F5)) -> 2.3 | H5: =IF(A5="","",INDEX('Tabla Tecnica Base'!$E$4:$E$10,MATCH(C5,'Tabla Tecnica Base'!$A$4:$A$10,0))/1000*CantidadPollos) -> 1.8 | I5: =IF(OR(G5="",H5=""),"",G5-H5) -> 0.5 | J5: =IF(OR(I5="",H5="",H5=0),"",I5/H5) -> 0.27777778 | K5: ← Fila de ejemplo. Puede sobrescribirla o borrar los valores de E y F.
B6: =IF(A6="","",A6-FechaInicioLote+1) | C6: =IF(A6="","",MIN(7,MAX(1,ROUNDUP(B6/7,0)))) | D6: =IF(A6="","",INDEX('Tabla Tecnica Base'!$B$4:$B$10,MATCH(C6,'Tabla Tecnica Base'!$A$4:$A$10,0))) | G6: =IF(E6="","",E6-IF(F6="",0,F6)) | H6: =IF(A6="","",INDEX('Tabla Tecnica Base'!$E$4:$E$10,MATCH(C6,'Tabla Tecnica Base'!$A$4:$A$10,0))/1000*CantidadPollos) | I6: =IF(OR(G6="",H6=""),"",G6-H6) | J6: =IF(OR(I6="",H6="",H6=0),"",I6/H6)
B7: =IF(A7="","",A7-FechaInicioLote+1) | C7: =IF(A7="","",MIN(7,MAX(1,ROUNDUP(B7/7,0)))) | D7: =IF(A7="","",INDEX('Tabla Tecnica Base'!$B$4:$B$10,MATCH(C7,'Tabla Tecnica Base'!$A$4:$A$10,0))) | G7: =IF(E7="","",E7-IF(F7="",0,F7)) | H7: =IF(A7="","",INDEX('Tabla Tecnica Base'!$E$4:$E$10,MATCH(C7,'Tabla Tecnica Base'!$A$4:$A$10,0))/1000*CantidadPollos) | I7: =IF(OR(G7="",H7=""),"",G7-H7) | J7: =IF(OR(I7="",H7="",H7=0),"",I7/H7)
B8: =IF(A8="","",A8-FechaInicioLote+1) | C8: =IF(A8="","",MIN(7,MAX(1,ROUNDUP(B8/7,0)))) | D8: =IF(A8="","",INDEX('Tabla Tecnica Base'!$B$4:$B$10,MATCH(C8,'Tabla Tecnica Base'!$A$4:$A$10,0))) | G8: =IF(E8="","",E8-IF(F8="",0,F8)) | H8: =IF(A8="","",INDEX('Tabla Tecnica Base'!$E$4:$E$10,MATCH(C8,'Tabla Tecnica Base'!$A$4:$A$10,0))/1000*CantidadPollos) | I8: =IF(OR(G8="",H8=""),"",G8-H8) | J8: =IF(OR(I8="",H8="",H8=0),"",I8/H8)
B9: =IF(A9="","",A9-FechaInicioLote+1) | C9: =IF(A9="","",MIN(7,MAX(1,ROUNDUP(B9/7,0)))) | D9: =IF(A9="","",INDEX('Tabla Tecnica Base'!$B$4:$B$10,MATCH(C9,'Tabla Tecnica Base'!$A$4:$A$10,0))) | G9: =IF(E9="","",E9-IF(F9="",0,F9)) | H9: =IF(A9="","",INDEX('Tabla Tecnica Base'!$E$4:$E$10,MATCH(C9,'Tabla Tecnica Base'!$A$4:$A$10,0))/1000*CantidadPollos) | I9: =IF(OR(G9="",H9=""),"",G9-H9) | J9: =IF(OR(I9="",H9="",H9=0),"",I9/H9)
B10: =IF(A10="","",A10-FechaInicioLote+1) | C10: =IF(A10="","",MIN(7,MAX(1,ROUNDUP(B10/7,0)))) | D10: =IF(A10="","",INDEX('Tabla Tecnica Base'!$B$4:$B$10,MATCH(C10,'Tabla Tecnica Base'!$A$4:$A$10,0))) | G10: =IF(E10="","",E10-IF(F10="",0,F10)) | H10: =IF(A10="","",INDEX('Tabla Tecnica Base'!$E$4:$E$10,MATCH(C10,'Tabla Tecnica Base'!$A$4:$A$10,0))/1000*CantidadPollos) | I10: =IF(OR(G10="",H10=""),"",G10-H10) | J10: =IF(OR(I10="",H10="",H10=0),"",I10/H10)
B11: =IF(A11="","",A11-FechaInicioLote+1) | C11: =IF(A11="","",MIN(7,MAX(1,ROUNDUP(B11/7,0)))) | D11: =IF(A11="","",INDEX('Tabla Tecnica Base'!$B$4:$B$10,MATCH(C11,'Tabla Tecnica Base'!$A$4:$A$10,0))) | G11: =IF(E11="","",E11-IF(F11="",0,F11)) | H11: =IF(A11="","",INDEX('Tabla Tecnica Base'!$E$4:$E$10,MATCH(C11,'Tabla Tecnica Base'!$A$4:$A$10,0))/1000*CantidadPollos) | I11: =IF(OR(G11="",H11=""),"",G11-H11) | J11: =IF(OR(I11="",H11="",H11=0),"",I11/H11)
B12: =IF(A12="","",A12-FechaInicioLote+1) | C12: =IF(A12="","",MIN(7,MAX(1,ROUNDUP(B12/7,0)))) | D12: =IF(A12="","",INDEX('Tabla Tecnica Base'!$B$4:$B$10,MATCH(C12,'Tabla Tecnica Base'!$A$4:$A$10,0))) | G12: =IF(E12="","",E12-IF(F12="",0,F12)) | H12: =IF(A12="","",INDEX('Tabla Tecnica Base'!$E$4:$E$10,MATCH(C12,'Tabla Tecnica Base'!$A$4:$A$10,0))/1000*CantidadPollos) | I12: =IF(OR(G12="",H12=""),"",G12-H12) | J12: =IF(OR(I12="",H12="",H12=0),"",I12/H12)
B13: =IF(A13="","",A13-FechaInicioLote+1) | C13: =IF(A13="","",MIN(7,MAX(1,ROUNDUP(B13/7,0)))) | D13: =IF(A13="","",INDEX('Tabla Tecnica Base'!$B$4:$B$10,MATCH(C13,'Tabla Tecnica Base'!$A$4:$A$10,0))) | G13: =IF(E13="","",E13-IF(F13="",0,F13)) | H13: =IF(A13="","",INDEX('Tabla Tecnica Base'!$E$4:$E$10,MATCH(C13,'Tabla Tecnica Base'!$A$4:$A$10,0))/1000*CantidadPollos) | I13: =IF(OR(G13="",H13=""),"",G13-H13) | J13: =IF(OR(I13="",H13="",H13=0),"",I13/H13)
B14: =IF(A14="","",A14-FechaInicioLote+1) | C14: =IF(A14="","",MIN(7,MAX(1,ROUNDUP(B14/7,0)))) | D14: =IF(A14="","",INDEX('Tabla Tecnica Base'!$B$4:$B$10,MATCH(C14,'Tabla Tecnica Base'!$A$4:$A$10,0))) | G14: =IF(E14="","",E14-IF(F14="",0,F14)) | H14: =IF(A14="","",INDEX('Tabla Tecnica Base'!$E$4:$E$10,MATCH(C14,'Tabla Tecnica Base'!$A$4:$A$10,0))/1000*CantidadPollos) | I14: =IF(OR(G14="",H14=""),"",G14-H14) | J14: =IF(OR(I14="",H14="",H14=0),"",I14/H14)
B15: =IF(A15="","",A15-FechaInicioLote+1) | C15: =IF(A15="","",MIN(7,MAX(1,ROUNDUP(B15/7,0)))) | D15: =IF(A15="","",INDEX('Tabla Tecnica Base'!$B$4:$B$10,MATCH(C15,'Tabla Tecnica Base'!$A$4:$A$10,0))) | G15: =IF(E15="","",E15-IF(F15="",0,F15)) | H15: =IF(A15="","",INDEX('Tabla Tecnica Base'!$E$4:$E$10,MATCH(C15,'Tabla Tecnica Base'!$A$4:$A$10,0))/1000*CantidadPollos) | I15: =IF(OR(G15="",H15=""),"",G15-H15) | J15: =IF(OR(I15="",H15="",H15=0),"",I15/H15)
B16: =IF(A16="","",A16-FechaInicioLote+1) | C16: =IF(A16="","",MIN(7,MAX(1,ROUNDUP(B16/7,0)))) | D16: =IF(A16="","",INDEX('Tabla Tecnica Base'!$B$4:$B$10,MATCH(C16,'Tabla Tecnica Base'!$A$4:$A$10,0))) | G16: =IF(E16="","",E16-IF(F16="",0,F16)) | H16: =IF(A16="","",INDEX('Tabla Tecnica Base'!$E$4:$E$10,MATCH(C16,'Tabla Tecnica Base'!$A$4:$A$10,0))/1000*CantidadPollos) | I16: =IF(OR(G16="",H16=""),"",G16-H16) | J16: =IF(OR(I16="",H16="",H16=0),"",I16/H16)
B17: =IF(A17="","",A17-FechaInicioLote+1) | C17: =IF(A17="","",MIN(7,MAX(1,ROUNDUP(B17/7,0)))) | D17: =IF(A17="","",INDEX('Tabla Tecnica Base'!$B$4:$B$10,MATCH(C17,'Tabla Tecnica Base'!$A$4:$A$10,0))) | G17: =IF(E17="","",E17-IF(F17="",0,F17)) | H17: =IF(A17="","",INDEX('Tabla Tecnica Base'!$E$4:$E$10,MATCH(C17,'Tabla Tecnica Base'!$A$4:$A$10,0))/1000*CantidadPollos) | I17: =IF(OR(G17="",H17=""),"",G17-H17) | J17: =IF(OR(I17="",H17="",H17=0),"",I17/H17)
... B59: =IF(A59="","",A59-FechaInicioLote+1) | C59: =IF(A59="","",MIN(7,MAX(1,ROUNDUP(B59/7,0)))) | D59: =IF(A59="","",INDEX('Tabla Tecnica Base'!$B$4:$B$10,MATCH(C59,'Tabla Tecnica Base'!$A$4:$A$10,0))) | G59: =IF(E59="","",E59-IF(F59="",0,F59)) | H59: =IF(A59="","",INDEX('Tabla Tecnica Base'!$E$4:$E$10,MATCH(C59,'Tabla Tecnica Base'!$A$4:$A$10,0))/1000*CantidadPollos) | I59: =IF(OR(G59="",H59=""),"",G59-H59) | J59: =IF(OR(I59="",H59="",H59=0),"",I59/H59)

Sheet Compra de Concentrado
A1: COMPRA DE CONCENTRADO POR ETAPA
A2: Cuánto concentrado comprar en cada etapa del ciclo, según la cantidad de pollos y el peso de bulto definidos en Inicio
A3: Etapa | B3: Semanas incluidas | C3: Días | D3: Consumo total etapa / ave (kg) | E3: Consumo total etapa / lote (kg) | F3: Bultos necesarios (exacto) | G3: Bultos a comprar (redondeado) | H3: Precio por bulto ($) | I3: Costo total etapa ($)
A4: Inicio | B4: Semanas 1-3 | C4: Días 1-21 | D4: =E4/CantidadPollos -> 0.882 | E4: =SUMIF('Tabla Semanal'!$B$4:$B$10,A4,'Tabla Semanal'!$H$4:$H$10) -> 88.2 | F4: =E4/PesoBulto -> 2.205 | G4: =ROUNDUP(F4,0) -> 3 | H4: 0 | I4: =G4*H4 -> 0
A5: Crecimiento | B5: Semanas 4-5 | C5: Días 22-35 | D5: =E5/CantidadPollos -> 1.47 | E5: =SUMIF('Tabla Semanal'!$B$4:$B$10,A5,'Tabla Semanal'!$H$4:$H$10) -> 147 | F5: =E5/PesoBulto -> 3.675 | G5: =ROUNDUP(F5,0) -> 4 | H5: 0 | I5: =G5*H5 -> 0
A6: Engorde | B6: Semanas 6-7 | C6: Días 36-49 | D6: =E6/CantidadPollos -> 2.114 | E6: =SUMIF('Tabla Semanal'!$B$4:$B$10,A6,'Tabla Semanal'!$H$4:$H$10) -> 211.4 | F6: =E6/PesoBulto -> 5.285 | G6: =ROUNDUP(F6,0) -> 6 | H6: 0 | I6: =G6*H6 -> 0
A7: TOTAL CICLO | D7: =SUM(D4:D6) -> 4.466 | E7: =SUM(E4:E6) -> 446.6 | F7: =SUM(F4:F6) -> 11.165 | G7: =SUM(G4:G6) -> 13 | I7: =SUM(I4:I6) -> 0
A10: El precio por bulto (columna H) es opcional: si lo diligencia, el costo estimado se calcula solo. Si lo deja en 0, el costo total será 0.

Sheet Instrucciones
A1: INSTRUCCIONES DE USO
A3: 1. Cómo empezar
A4: 1) Vaya a la hoja "Inicio" y escriba la cantidad de pollos del lote (celda amarilla). 2) Verifique o cambie el peso del bulto (40, 50 u otro). 3) Escriba la fecha de inicio del lote. Justo debajo aparece cuánto alimento debe dar en cada etapa (Inicio, Crecimiento, Engorde). 4) Si además quiere el detalle semana a semana, elija la semana a consultar. Todo se actualiza solo.
A5: 2. Hojas del archivo
A6: • Inicio: panel principal con los datos de entrada, cuánto alimento dar en cada etapa y el resumen de resultados. • Tabla Semanal: detalle completo de consumo, semana 1 a 7, con etapa, bultos y acumulados. • Tabla Tecnica Base: consumo de referencia en g/ave/día por semana (única hoja donde se edita el dato técnico base). • Registro Diario: para anotar el alimento suministrado y el sobrante cada día, y comparar contra lo calculado. • Compra de Concentrado: cuántos bultos comprar por cada etapa (Inicio, Crecimiento, Engorde), con costo estimado.
A7: 3. Código de colores
A8: • Celda amarilla con borde y letra azul: celda de ENTRADA. Aquí se escriben datos. • Celda blanca con letra negra: FÓRMULA. No se debe escribir sobre ella; se calcula sola. • Colores pastel (durazno, azul, rosado): identifican visualmente cada etapa (Inicio, Crecimiento, Engorde).
A9: 4. Nota técnica sobre la tabla de consumo
A10: Los valores de gramos de alimento por ave/día (hoja "Tabla Tecnica Base") están basados en los objetivos de desempeño típicos publicados para las líneas comerciales de engorde de mayor uso a nivel mundial (Ross 308 de Aviagen y Cobb 500 de Cobb-Vantress), promediados y ajustados a condiciones comerciales de campo, ya que no se especificó una línea genética particular. Italcol, como la mayoría de las marcas de concentrado en Colombia, formula y recomienda sus programas de alimentación por etapas (inicio, crecimiento, engorde/finalizador) sobre esta misma base técnica de las casas genéticas, por lo que esta tabla es una referencia válida para trabajar con concentrado Italcol. Si cuenta con la ficha técnica específica de Italcol para su programa (o con el dato exacto de la línea genética que está manejando), reemplácela en la columna E de la hoja "Tabla Tecnica Base": todo el archivo (Tabla Semanal, Inicio, Registro Diario y Compra de Concentrado) se recalculará automáticamente con los nuevos valores.
A11: 5. Supuestos del modelo
A12: • La cantidad de pollos ingresada se asume constante durante todo el ciclo (el modelo no descuenta mortalidad). Si desea reflejar mortalidad, ajuste manualmente la cantidad de pollos en la hoja Inicio. • El ciclo cubierto es de 7 semanas (49 días), rango típico para pollo de engorde comercial. • "Bultos a comprar" siempre redondea hacia arriba, porque no se pueden comprar fracciones de bulto.
